motif_id	motif_alt_id	sequence_name	start	stop	strand	score	p-value	q-value	matched_sequence
ATTAYGYYMWKRRCRTAAT	MEME-1	CP068791.1	304.0	322.0	+	21.0	2.81e-08	0.000544	attatgtcatcagcgtaat
ATTAYGYYMWKRRCRTAAT	MEME-1	CP068791.1	304.0	322.0	-	21.0	2.81e-08	0.000544	ATTACGCTGATGACATAAT
ATTAYGYYMWKRRCRTAAT	MEME-1	CP068791.1	418.0	436.0	+	20.5918	4.62e-08	0.000544	attatgtttttgacataac
ATTAYGYYMWKRRCRTAAT	MEME-1	CP068791.1	418.0	436.0	-	20.5918	4.62e-08	0.000544	GTTATGTCAAAAACATAAT
ATTAYGYYMWKRRCRTAAT	MEME-1	CP068791.1	397.0	415.0	+	20.3878	5.93e-08	0.000544	attacgtgattaacataat
ATTAYGYYMWKRRCRTAAT	MEME-1	CP068791.1	397.0	415.0	-	20.3878	5.93e-08	0.000544	ATTATGTTAATCACGTAAT
ATTAYGYYMWKRRCRTAAT	MEME-1	CP068791.1	585.0	603.0	+	20.3367	6.22e-08	0.000544	tttatgtcattgacataat
ATTAYGYYMWKRRCRTAAT	MEME-1	CP068791.1	585.0	603.0	-	20.3367	6.22e-08	0.000544	ATTATGTCAATGACATAAA
ATTAYGYYMWKRRCRTAAT	MEME-1	CP068791.1	183.0	201.0	+	20.2755	6.57e-08	0.000544	attctgtttttagcagaat
ATTAYGYYMWKRRCRTAAT	MEME-1	CP068791.1	183.0	201.0	-	20.2755	6.57e-08	0.000544	ATTCTGCTAAAAACAGAAT
ATTAYGYYMWKRRCRTAAT	MEME-1	CP068792.1	378.0	396.0	+	18.5816	3.35e-07	0.00232	gttatgctatttacataac
ATTAYGYYMWKRRCRTAAT	MEME-1	CP068792.1	378.0	396.0	-	18.5816	3.35e-07	0.00232	GTTATGTAAATAGCATAAC
ATTAYGYYMWKRRCRTAAT	MEME-1	CP068791.1	354.0	372.0	+	18.0816	5.13e-07	0.00274	attacgctatttgcgaaat
ATTAYGYYMWKRRCRTAAT	MEME-1	CP068791.1	354.0	372.0	-	18.0816	5.13e-07	0.00274	ATTTCGCAAATAGCGTAAT
ATTAYGYYMWKRRCRTAAT	MEME-1	CP068791.1	312.0	330.0	+	18.0408	5.29e-07	0.00274	tttacgcttaaaacataac
ATTAYGYYMWKRRCRTAAT	MEME-1	CP068791.1	312.0	330.0	-	18.0408	5.29e-07	0.00274	GTTATGTTTTAAGCGTAAA
ATTAYGYYMWKRRCRTAAT	MEME-1	CP068791.1	362.0	380.0	+	17.6327	7.21e-07	0.00323	gttacgctgtgagcgaaat
ATTAYGYYMWKRRCRTAAT	MEME-1	CP068791.1	362.0	380.0	-	17.6327	7.21e-07	0.00323	ATTTCGCTCACAGCGTAAC
ATTAYGYYMWKRRCRTAAT	MEME-1	CP068791.1	122.0	140.0	+	17.5408	7.79e-07	0.00323	gtttcgctcagaacgtaaa
ATTAYGYYMWKRRCRTAAT	MEME-1	CP068791.1	122.0	140.0	-	17.5408	7.79e-07	0.00323	TTTACGTTCTGAGCGAAAC
ATTAYGYYMWKRRCRTAAT	MEME-1	CP068791.1	260.0	278.0	+	16.9592	1.19e-06	0.00419	gttatgttatatacgtaaa
ATTAYGYYMWKRRCRTAAT	MEME-1	CP068791.1	260.0	278.0	-	16.9592	1.19e-06	0.00419	TTTACGTATATAACATAAC
ATTAYGYYMWKRRCRTAAT	MEME-1	CP068791.1	750.0	768.0	+	16.7755	1.35e-06	0.00419	gttatgttatttacgtaag
ATTAYGYYMWKRRCRTAAT	MEME-1	CP068791.1	750.0	768.0	-	16.7755	1.35e-06	0.00419	CTTACGTAAATAACATAAC
ATTAYGYYMWKRRCRTAAT	MEME-1	CP068791.1	344.0	362.0	+	16.7347	1.39e-06	0.00419	attacggtcaagacataaa
ATTAYGYYMWKRRCRTAAT	MEME-1	CP068791.1	344.0	362.0	-	16.7347	1.39e-06	0.00419	TTTATGTCTTGACCGTAAT
ATTAYGYYMWKRRCRTAAT	MEME-1	CP068791.1	491.0	509.0	+	16.7041	1.42e-06	0.00419	attctgtctttaccggaat
ATTAYGYYMWKRRCRTAAT	MEME-1	CP068791.1	491.0	509.0	-	16.7041	1.42e-06	0.00419	ATTCCGGTAAAGACAGAAT
ATTAYGYYMWKRRCRTAAT	MEME-1	CP068792.1	118.0	136.0	+	16.5408	1.59e-06	0.00438	attatgccctgaacagatt
ATTAYGYYMWKRRCRTAAT	MEME-1	CP068792.1	118.0	136.0	-	16.5408	1.59e-06	0.00438	AATCTGTTCAGGGCATAAT
ATTAYGYYMWKRRCRTAAT	MEME-1	CP068791.1	492.0	510.0	+	16.2653	1.91e-06	0.00472	attctgtaagagacgtaat
ATTAYGYYMWKRRCRTAAT	MEME-1	CP068791.1	492.0	510.0	-	16.2653	1.91e-06	0.00472	ATTACGTCTCTTACAGAAT
ATTAYGYYMWKRRCRTAAT	MEME-1	CP068791.1	127.0	145.0	+	16.2449	1.94e-06	0.00472	tttacgctcctggcagaac
ATTAYGYYMWKRRCRTAAT	MEME-1	CP068791.1	127.0	145.0	-	16.2449	1.94e-06	0.00472	GTTCTGCCAGGAGCGTAAA
ATTAYGYYMWKRRCRTAAT	MEME-1	CP068791.1	197.0	215.0	+	15.7041	2.74e-06	0.00631	cttacgctgtgggcgtaaa
ATTAYGYYMWKRRCRTAAT	MEME-1	CP068791.1	197.0	215.0	-	15.7041	2.74e-06	0.00631	TTTACGCCCACAGCGTAAG
ATTAYGYYMWKRRCRTAAT	MEME-1	CP068791.1	33.0	51.0	+	15.4796	3.16e-06	0.00689	gttcggttcagggcagaat
ATTAYGYYMWKRRCRTAAT	MEME-1	CP068791.1	33.0	51.0	-	15.4796	3.16e-06	0.00689	ATTCTGCCCTGAACCGAAC
ATTAYGYYMWKRRCRTAAT	MEME-1	CP068791.1	251.0	269.0	+	15.3673	3.37e-06	0.00699	gttatgctgctagcagaaa
ATTAYGYYMWKRRCRTAAT	MEME-1	CP068791.1	251.0	269.0	-	15.3673	3.37e-06	0.00699	TTTCTGCTAGCAGCATAAC
ATTAYGYYMWKRRCRTAAT	MEME-1	CP068791.1	248.0	266.0	+	14.7857	4.78e-06	0.00943	tttatgtctctggcagaac
ATTAYGYYMWKRRCRTAAT	MEME-1	CP068791.1	248.0	266.0	-	14.7857	4.78e-06	0.00943	GTTCTGCCAGAGACATAAA
ATTAYGYYMWKRRCRTAAT	MEME-1	CP068791.1	322.0	340.0	+	14.5918	5.33e-06	0.01	atttagtttagaacagaat
ATTAYGYYMWKRRCRTAAT	MEME-1	CP068791.1	322.0	340.0	-	14.5918	5.33e-06	0.01	ATTCTGTTCTAAACTAAAT
ATTAYGYYMWKRRCRTAAT	MEME-1	CP068791.1	475.0	493.0	+	13.2857	1.08e-05	0.0192	tttacgcccctagcgtatt
ATTAYGYYMWKRRCRTAAT	MEME-1	CP068791.1	475.0	493.0	-	13.2857	1.08e-05	0.0192	AATACGCTAGGGGCGTAAA
ATTAYGYYMWKRRCRTAAT	MEME-1	CP068791.1	246.0	264.0	+	13.2347	1.11e-05	0.0192	catatgtcatgagcataac
ATTAYGYYMWKRRCRTAAT	MEME-1	CP068791.1	246.0	264.0	-	13.2347	1.11e-05	0.0192	GTTATGCTCATGACATATG
ATTAYGYYMWKRRCRTAAT	MEME-1	CP068791.1	200.0	218.0	+	12.2551	1.81e-05	0.0297	gatacgctcacaccgtaat
ATTAYGYYMWKRRCRTAAT	MEME-1	CP068791.1	200.0	218.0	-	12.2551	1.81e-05	0.0297	ATTACGGTGTGAGCGTATC
ATTAYGYYMWKRRCRTAAT	MEME-1	CP068794.1	120.0	138.0	+	12.1939	1.86e-05	0.0297	attatgtccaaagcatact
ATTAYGYYMWKRRCRTAAT	MEME-1	CP068794.1	120.0	138.0	-	12.1939	1.86e-05	0.0297	AGTATGCTTTGGACATAAT
ATTAYGYYMWKRRCRTAAT	MEME-1	CP068791.1	204.0	222.0	+	12.051	1.99e-05	0.0306	aatatgtaaatagcatagt
ATTAYGYYMWKRRCRTAAT	MEME-1	CP068791.1	204.0	222.0	-	12.051	1.99e-05	0.0306	ACTATGCTATTTACATATT
ATTAYGYYMWKRRCRTAAT	MEME-1	CP068791.1	568.0	586.0	+	11.4286	2.66e-05	0.0394	actacgcgatgaacgtcat
ATTAYGYYMWKRRCRTAAT	MEME-1	CP068791.1	568.0	586.0	-	11.4286	2.66e-05	0.0394	ATGACGTTCATCGCGTAGT
ATTAYGYYMWKRRCRTAAT	MEME-1	CP068791.1	325.0	343.0	+	11.1122	3.07e-05	0.0439	attacggcaggcgcgtaag
ATTAYGYYMWKRRCRTAAT	MEME-1	CP068791.1	325.0	343.0	-	11.1122	3.07e-05	0.0439	CTTACGCGCCTGCCGTAAT
ATTAYGYYMWKRRCRTAAT	MEME-1	CP068791.1	257.0	275.0	+	10.9184	3.35e-05	0.0462	gctacggtcaatacagaat
ATTAYGYYMWKRRCRTAAT	MEME-1	CP068791.1	257.0	275.0	-	10.9184	3.35e-05	0.0462	ATTCTGTATTGACCGTAGC
ATTAYGYYMWKRRCRTAAT	MEME-1	CP068791.1	94.0	112.0	+	9.38776	6.42e-05	0.0858	gttcaggaaaaaacataac
ATTAYGYYMWKRRCRTAAT	MEME-1	CP068791.1	94.0	112.0	-	9.38776	6.42e-05	0.0858	GTTATGTTTTTTCCTGAAC
ATTAYGYYMWKRRCRTAAT	MEME-1	CP068791.1	332.0	350.0	+	8.66327	8.58e-05	0.111	tttcagcctatgacctaac
ATTAYGYYMWKRRCRTAAT	MEME-1	CP068791.1	332.0	350.0	-	8.66327	8.58e-05	0.111	GTTAGGTCATAGGCTGAAA
# FIMO (Find Individual Motif Occurrences): Version 5.5.7 compiled on Aug 29 2024 at 17:50:14									
# The format of this file is described at https://meme-suite.org/meme/doc/fimo-output-format.html#tsv_results.									
# fimo --oc . --verbosity 1 --bgfile --nrdb-- --thresh 1.0E-4 motif_number_1_from_meme.html.txt sequences.fa									
